Name,BodyName,Type
Abyss Pine Seedling,Bel II,Flora
Abyss Pine Seedling,Alpha Andraste III,Flora
Abyss Pine Seedling,Beta Ternion III,Flora
Abyss Pine Seedling,Moloch II,Flora
Abyss Pine Seedling,Rutherford III,Flora
Abyss Pine Seedling,Sumati,Flora
Abyss Pine Seedling,Ursa Minor II,Flora
Abyss Pine Seedling,Charybdis II,Flora
Altar Clusterpod,Strix I,Flora
Aniline Blackweed,Lantana VIII-B,Flora
Ankylosaurus Herbivore,Khayyam II,Fauna
Anteater Geophage,Enlil I-A,Fauna
Apex Ankylosaurus,Schrodinger III,Fauna
Apex Brainsprout,Lantana III,Fauna
Apex Crocodaunt,Jemison,Fauna
Apex Dragon,Proxima Ternion III,Fauna
Apex Dust Devil Exorunner,Gagarin,Fauna
Apex Exorunner,Archimedes II,Fauna
Apex Parrothawk,Jemison,Fauna
Apollo Fireleaf,Maheo I,Flora
Apollo Fireleaf,Cassiopeia I,Flora
Appolo Fireleaf,Feynman III,Flora
Arc Root,Cassiopeia IV-A,Flora
Arc Root,Vesta,Flora
Aries Vine,Heinlein IV-B,Flora
Aries Vine,Leonis III,Flora
Artichoke Filterer,Shoza III,Fauna
Artichoke Geophage,Maal IX-B,Fauna
Aruna Goldenglow,Algorab III-B,Flora
Aruna Goldenglow,Bel I,Flora
Aruna Goldenglow,Rana VI-A,Flora
Aruna Goldenglow,Xi Ophiuchi VIII-B,Flora
Aruna Goldenglow,Schrodinger III,Flora
Aruna Goldenglow,Serpentis III,Flora
Aruna Goldenglow,Tau Ceti II,Flora
Aruna Goldenglow,Huygens IV,Flora
Aruna Goldenglow,Polvo,Flora
Aruna Goldenglow,Tirna VIII-C,Flora
Aruna Goldenglow,Hyla II,Flora
Aruna Goldenglow,Ka'zaal,Flora
Aruna Goldenglow,Zeta Ophiuchi I,Flora
Ash Flower,Cassiopeia IV-A,Flora
Ash Flower,Tirna II,Flora
Ash Sweeper,Guniibuu VI-b,Flora
Ash Sweeper,Khayyam II,Flora
Ash Sweeper,Rivera I,Flora
Ash Sweeper,Sparta III,Flora
Ash Sweeper,Gamma Vulpes II-A,Flora
Ashta,Akila,Fauna
Atlas Weed,Syrma III,Flora
Atlas Weed,Kumasi I,Flora
Atlas Weed,Lantana III,Flora
Atlas Weed,Nemeria I,Flora
Atlas Weed,Shoza IV,Flora
Atlas Weed,Hawking I,Flora
Atlas Weed,Oborum I,Flora
Atlas Weed,Bardeen III,Flora
Atlas Weed,Zeta Ophiuchi I,Flora
Augustus Creeper,Andromas II,Flora
Augustus Creeper,Eridani II,Flora
Augustus Creeper,Huygens IV,Flora
Augustus Creeper,Celebrai II,Flora
Augustus Creeper,Copernicus IV,Flora
Augustus Creeper,Hyla I,Flora
Aurora Palm,Jemison,Flora
Aurora Palm,Tirna II,Flora
Aurora Palm,Beta Marae I,Flora
Aurora Palm,Copernicus III,Flora
Aurora Palm,Tau Ceti VIII-B,Flora
Aurora Palm,Alpha Andraste II,Flora
Aurora Palm,Kang III,Flora
Aurora Palm,Vesta,Flora
Aurora Palm,Marduk III,Flora
Aurora Palm,Rasalhague II,Flora
Aurora Palm,Strix I,Flora
Aurora Palm,Groombridge VIII-A,Flora
Autumn Jungle Bloom,Zelazny II,Flora
Autumn Junglebloom,Kumasi I,Flora
Autumn Junglebloom,Schrodinger VIII-A,Flora
Autumn Junglebloom,Beta Marae I,Flora
Autumn Junglebloom,Zelazny III,Flora
Autumn Junglebloom,Eridani II,Flora
Baleen Rotifer,Akila,Fauna
Barrenbulb,Piazzi I,Flora
Barrenbulb,Kang III,Flora
Barrenbulb,Polvo,Flora
Beetle Filterer,Xi Ophiuchi VIII-B,Fauna
Beetle Filterer,Tau Ceti VIII-B,Fauna
Beetle Filterer,Heinlein VI-A,Fauna
Beetle Filterer,Shoza II,Fauna
Beetle Geophage,Codos,Fauna
Beetle Geophage,Alpha Andraste III,Fauna
Beetle Grazer,Jemison,Fauna
Beetle Grazer,Groombridge VIII-A,Fauna
Beetle Grazer,Bara III,Fauna
Beetle Scavenger,Al-Battani II,Fauna
Beetle Scavenger,Archimedes III,Fauna
Beetle Scavenger,Eridani IV,Fauna
Beetle Scavenger,Marduk IV,Fauna
Beetle Scavenger,Magnar,Fauna
Beetle Scavenger,Pyraas II,Fauna
Beetle Scavenger,Rutherford III,Fauna
Beetle Scavenger,Beta Ternion II,Fauna
Beetle Scavenger,Feynman III,Fauna
Beetle Scavenger,Schrodinger III,Fauna
Beetle Scavenger,Oborum I,Fauna
Beetlecrab Grazer,Feynman III,Fauna
Beetlecrab Grazer,Ixyll II,Fauna
Bellona Bush,Tirna VIII-C,Flora
Bellona Bush,Leviathan IV,Flora
Bellona Bush,Rana VI-A,Flora
Bellona Bush,Zelazny II,Flora
Belona Rush,Copernicus IV,Flora
Bitter Bramble,Feynman IV,Flora
Bitter Goldenglow,Altair II,Flora
Bitter Goldenglow,Heisenberg II,Flora
Bitter Goldenglow,Gagarin,Flora
Bitter Goldenglow,Eridani II,Flora
Bitter Goldenglow,Marduk III,Flora
Bitter Orange Root,Shoza V,Flora
Bleeding Heart Vine,Al-Battani II,Flora
Bleeding Heart Vine,Rivera I,Flora
Bleeding heart vine,Polvo,Flora
Bleeding Heart Vine,Rana III,Flora
Bleeding Heart Vine,Schrodinger III,Flora
Bleeding Heart Vine,Bardeen III,Flora
Bleeding Heart Vine,Celebrai II,Flora
Blistered Hornbulb,Feynman IV,Flora
Blood Palm,Maal IV,Flora
Blood Palm,Serpentis II,Flora
Blood Palm,Syrma III,Flora
Blooming Slopefeather,Denebola I-B,Flora
Blooming Slopefeather,Ixyll II,Flora
Blooming Slopefeather,Montara Luna,Flora
Blooming Slopefeather,Lantana VIII-B,Flora
Blue Weeping Shrub,Sumati,Flora
Blue Weeping Shrub,Algorab III-B,Flora
Blue Weeping Shrub,Nemeria IV-A,Flora
Blue Weeping Shrub,Cassiopeia I,Flora
Blue Weeping Shrub,Freya III,Flora
Blue Weeping Shrub,Ixyll III-B,Flora
Blue Weeping Shrub,Groombridge VIII-A,Flora
Bog Bloom,Pyraas VII-B,Flora
Bog Bloom,Procyon III,Flora
Bog Bloom,Beta Marae I,Flora
Bog Bloom,Pyraas II,Flora
Bonefrill Herbivore,Shoza II,Fauna
Boreas Root,Decaran I,Flora
Boreas Root,Eridani III,Flora
Boreas Root,Freya III,Flora
Boreas Root,Khayyam II,Flora
Boreas Root,Jemison,Flora
Boreas Root,Tidacha I,Flora
Bowing shade leaf,Polvo,Flora
Bowing Shadeleaf,Celebrai II,Flora
Bowing Shadeleaf,Bardeen III,Flora
Bowing Shadeleaf,Syrma III,Flora
Bowing Shadeleaf,Masada III,Flora
Bowing Shadeleaf,Kumasi II,Flora
Brainsprout Grazer,Beta Ternion II,Fauna
Brainsprout Herbivore,Serpentis III,Fauna
Bright Fire Reed,Zelazny III,Flora
Brissle Barrel,Beta Ternion I,Flora
Bristle Barrel,Huygens VII-B,Flora
Bristle Barrel,Porrima II,Flora
Broadleaf rose,Porrima III,Flora
Broadleaf Rose,Rivera I,Flora
Broadleaf Rose,Jemison,Flora
Broadleaf Rose,Khayyam II,Flora
Broadleaf Rose,McClure II,Flora
Broadleaf Rose,Oborum I,Flora
Broadleaf Rose,Vega II-C,Flora
Broadleaf Rose,Syrma VII-A,Flora
Broadleaf Rose,Hawking I,Flora
Broken Heart Vine,Vesta,Flora
Broken Heart Vine,Shoza III,Flora
Broken Heart Vine,Enlil II,Flora
Broken Heart Vine,Tirna VIII-C,Flora
Broken Heart Vine,Copernicus IV,Flora
Broken Heart Vine,Pyraas II,Flora
Burnt Pokeleaf,Gagarin,Flora
Burnt Pokeleaf,Beta Marae I,Flora
Buzzrunner,Akila,Fauna
Caelus Pokeweed,Hyla II,Flora
Caelus Pokeweed,Indum II,Flora
Caelus Pokeweed,Serpentis III,Flora
Cage Brain,Enlil II,Flora
Cage Brain,Piazzi IV-C,Flora
Cage Brain,Bradbury III,Flora
Cage Brain,Lantana III,Flora
Cage Brain,Newton II,Flora
Cage Brain,Tau Ceti VIII-B,Flora
Cage Brain,Zelazny III,Flora
Cage Brain,Kumasi II,Flora
Cagebrain,Sparta IV,Flora
Cagebrain Herbivore,Sparta IV,Fauna
Cagebrain Scavenger,Newton II,Fauna
Canard Filterer,Andromas II,Fauna
Canary Reed,Charybdis II,Flora
Canary Reed,Akila,Flora
Canary Reed,Archimedes III,Flora
Canary Reed,Archimedes V-a,Flora
Canary Reed,Guniibuu II,Flora
Canary Reed,Zeta Ophiuchi I,Flora
Canary Reed,Algorab II,Flora
Canary Reed,Muphrid V-B,Flora
Canary Reed,Bel II,Flora
Canary Reed,Ixyll III-B,Flora
Canis Palm,Altair II,Flora
Canis Palm,Polvo,Flora
Canyon Rose,Verne II,Flora
Carasnail Filterer,Zeta Ophiuchi I,Fauna
Carasnail Geophage,Ternion III,Fauna
Carasnail Geophage,Toliman II,Fauna
Carasnail Grazer,Volii Epsilon,Fauna
Carasnail Grazer,Decaran I,Fauna
Carasnail Grazer,Zelazny II,Fauna
Carasnail Scavenger,Kumasi I,Fauna
Carasnail Scavenger,Jemison,Fauna
Carasnail Scavenger,Serpentis IV,Fauna
Cassowary Grazer,Heinlein VI-A,Fauna
Cassoway Grazer,Schrodinger III,Fauna
Cassoway Grazer,Groombridge VIII-A,Fauna
Cataxi Hunter,Freya III,Fauna
Cataxi Warrior,Freya III,Fauna
Caterpillar Filterer,Shoza IV,Fauna
Caterpillar Filterer,Newton II,Fauna
Caterpillar Scavenger,Bara III,Fauna
Centiskull Filterer,Serpentis IV,Fauna
Centiskull Filterer,Tau Ceti II,Fauna
Centiskull Geophage,Altair II,Fauna
Centiskull Grazer,Algorab III-B,Fauna
Centiskull Grazer,Montara Luna,Fauna
Centiskull Grazer,Cassiopeia I,Fauna
Centiskull Grazer,Zeta Ophiuchi I,Fauna
Centiskull Grazer,Vega II-C,Fauna
Centiskull Herbivore,Katydid I-A,Fauna
Centiskull Scavenger,Feynman IV,Fauna
Centiskull Scavenger,Hyla II,Fauna
Chambass,Volii Alpha,Fauna
Chillhook,Akila,Flora
Chillhook,Gamma Vulpes I,Flora
Chillhook,Rana IV,Flora
Chillhook,Schrodinger III,Flora
Chillhook,Masada III,Flora
Chrimson Gibbet,Maheo I,Flora
Chrimson Gibbet,Tau Ceti II,Flora
Chrimson Gibbet,Ixyll II,Flora
Chrimson Gibbet,Beta Ternion II,Flora
Christina Bloom,Jaffa III,Flora
Christina Bloom,Shoza IV,Flora
Christina Bloom,McClure II,Flora
Christina Bloom,Ursa Minor II,Flora
Christina Bloom,Sparta IV,Flora
Clawback Herbivore,Muphrid IV,Fauna
Cliff Laurel,Sparta III,Flora
Cliff Laurel,Tirna II,Flora
Cliff Laurel,Beta Ternion II,Flora
Cliff Laurel,Newton II,Flora
Cliff Laurel,Archimedes III,Flora
Cliff Laurel,Eridani II,Flora
Cliff Laurel,Shoza IV,Flora
Cliff Laurel,Syrma III,Flora
Cliff Laurel,Tau Ceti VIII-B,Flora
Cliff Laurel,Jemison,Flora
Cliff Laurel,Decaran I,Flora
Cliffberry,Tau Ceti VIII-B,Flora
Cliffberry,Ternion III,Flora
Cliffberry,Sumati,Flora
Cliffberry,Nirvana II,Flora
Cliffberry,Bannoc II,Flora
Cliffberry,Copernicus III,Flora
Cliffberry,Newton II,Flora
Cliffberry,Copernicus II,Flora
Cliffberry,Verne II,Flora
Cliffberry,Zelazny II,Flora
Cockatrice Filterer,Zelazny III,Fauna
Cockroach Geophage,Copernicus IV,Fauna
Cold Cave Nettle,Bara III,Flora
Cold Cave Nettle,Lantana IV,Flora
Cold Cave Nettle,Porrima IV-C,Flora
Cold Cave Nettle,Verne II,Flora
Cold Cave Nettle,Linnaeus II,Flora
Cold Cave Nettle,Akila,Flora
Cold Cave Nettle,Procyon III,Flora
Cold Cave Nettle,Jemison,Flora
Cold Cave Nettle,Schrodinger III,Flora
Coralbucket Filterer,Khayyam II,Fauna
Coralbug Scavenger,Ursa Minor II,Fauna
Coralbug Scavenger,Cassiopeia I,Fauna
Coralheart Filterer,Bradbury IV,Fauna
Coralheart Filterer,Andromas III,Fauna
Coralheart Filterer,Bohr II,Fauna
Coralheart Filterer,Sumati,Fauna
Coralheart Filterer,Tidacha I,Fauna
Coralheart Filterer,Leviathan IV,Fauna
Coralheart Filterer,Bannoc II,Fauna
Coralheart Geophage,Copernicus III,Fauna
Coralheart Grazer,Guniibuu II,Fauna
Coralheart Grazer,Oborum I,Fauna
Coralheart Herbivore,Procyon III,Fauna
Coralheart Herbivore,Shoza II,Fauna
Coralheart Scavenger,Beta Marae I,Fauna
Crab Scavenger,Bradbury III,Fauna
Crabfly Herbivore,Enlil II,Fauna
Crag Root,Ixyll II,Flora
Crag Root,Heinlein IV-B,Flora
Crag Root,Heisenberg II,Flora
Crag Root,Hyla I,Flora
Crag Root,Serpentis IV,Flora
Crag Root,Verne II,Flora
Crag Root,Magnar,Flora
Crag Root,Huygens III,Flora
Crag Root,Ixyll III-B,Flora
Crag Root,Kumasi II,Flora
Crag Root,Newton II,Flora
Crag Root,Fermi III,Flora
Crag Root,Montara Luna,Flora
Crag Root,Bohr II,Flora
Crag Root,Guniibuu II,Flora
Crag Sprinter,Feynman I,Fauna
Crater Weed,Nirvana II,Flora
Crater Weed,Shoza II,Flora
Crater Weed,Marduk IV,Flora
Craterhorn Shrub,Andromas III,Flora
Craterweed,Bradbury IV,Flora
Crawling Eurypterid,Akila,Fauna
Creeping Twin Shrub,Leonis III,Flora
Creeping Twin Shrub,Marduk IV,Flora
Crimson Courtstalk,Archimedes II,Flora
Crimson Courtstalk,Nemeria II,Flora
Crimson Courtstalk,Nirvana II,Flora
Crimson Courtstalk,Marduk IV,Flora
Crocalypse Grazer,Bohr II,Fauna
Crusher Leaf,Denebola I-B,Flora
Cyclozard Grazer,Huygens III,Fauna
Dappled Ash Bloom,Leonis III,Flora
Dappled Ash Bloom,Serpentis II,Flora
Dappled Ash Bloom,Kumasi I,Flora
Desiccated Yarberry,Bolivar I,Flora
Dessicated Yarberry,Kumasi I,Flora
Dovefoot Pedestal,Aranae I,Flora
Dovefoot Pedestal,Strix III-A,Flora
Drone Filterer,Bel II,Fauna
Drone Filterer,Sparta IV,Fauna
Drone Grazer,Heisenberg II,Fauna
Dropsalm,Akila,Fauna
Dunetangle,Heinlein IV-B,Flora
Dunetangle,Eridani III,Flora
Dunetangle,Porrima II,Flora
Dunetangle,Gamma Vulpes I,Flora
Dust Root,Kreet,Flora
Duster Shrub,Ternion III,Flora
Duster Shrub,Leonis III,Flora
Eggback Herbivore,Tau Ceti II,Fauna
Eggsac Filterer,Altair II,Fauna
Eggsac Geophage,Neebas,Fauna
Eggsac Scavenger,Bradbury III,Fauna
Elk Crangon,Akila,Fauna
Enduring Bugleweed,Arcturus II,Flora
Enduring Bugleweed,Newton II,Flora
Enduring Bugleweed,Tidacha I,Flora
Enduring Bugleweed,Copernicus II,Flora
Enduring Bugleweed,Beta Ternion III,Flora
Enduring Bugleweed,Bohr II,Flora
Enduring Bugleweed,Kumasi II,Flora
Enduring Bugleweed,Serpentis IV,Flora
Enduring Bugleweed,Syrma VII-A,Flora
Enduring Bugleweed,Schrodinger VIII-A,Flora
Enduring Bugleweed,Zosma V-A,Flora
Enduring Bugleweed,Ursa Major II,Flora
Erymedon Bulb,Charybdis IV,Flora
Exocrawler Scavenger,Vesta,Fauna
Explorer's Coleus,Cassiopeia I,Flora
Explorer's Coleus,Muphrid IV,Flora
Explorer's Coleus,Bolivar I,Flora
Explorer's Coleus,Gamma Vulpes II-A,Flora
Explorer's Coleus,Ternion III,Flora
Explorer's Coleus,Shoza II,Flora
Fallen Star Palm,Andromas II,Flora
Fallen Star Palm,Proxima Ternion III,Flora
Fallen Star Palm,Zeta Ophiuchi I,Flora
Fallen Star Palm,Bel II,Flora
Fallen Star Palm,Beta Ternion II,Flora
Fallen Star Palm,Zosma V-A,Flora
Fallen Star Palm,Tirna VIII-C,Flora
Fallen Star Palm,Bel I,Flora
Fallen Star Palm,Ursa Major II,Flora
Fallen Star Palm,Ternion III,Flora
Festering Junglecreep,Huygens III,Flora
Festering Junglecreep,Katydid I-A,Flora
Fingerface Geophage,Syrma IV,Fauna
Fingerface Geophage,Alpha Marae I,Fauna
Fingerface Geophage,Fermi III,Fauna
Fire Rose,Schrodinger VIII-A,Flora
Fire Rose,Arcturus II,Flora
Fire Rose,Freya III,Flora
Firecracker Vine,Groombridge VIII-A,Flora
Firecracker Vine,Beta Marae I,Flora
Flame Vine,Syrma IV,Flora
Flame Vine,Rutherford III,Flora
Flame Vine,Rana VI-A,Flora
Flame Vine,Charybdis II,Flora
Flamethorn Filterer,Ursa Major II,Fauna
Flamethorn Filterer,Gamma Vulpes I,Fauna
Flamethorn Geophage,Masada III,Fauna
Flamethorn Geophage,Ka'zaal,Fauna
Flamethorn Grazer,Charybdis II,Fauna
Flamethorn Grazer,Rivera I,Fauna
Flamethorn Grazer,Leonis III,Fauna
Flamethorn Grazer,Bel I,Fauna
Flamethorn Grazer,Shoza III,Fauna
Flamethorn Grazer,Zelazny III,Fauna
Flamethorn Herbivore,Verne II,Fauna
Flamethorn Herbivore,Kumasi III,Fauna
Flamethorn Herbivore,Tirna II,Fauna
Flamethorn Scavenger,Schrodinger III,Fauna
Flamethorn Scavenger,Sparta IV,Fauna
Flamethorn Scavenger,Ixyll III-B,Fauna
Flamethorn Scavenger,Rana III,Fauna
Flapwheel Scavenger,Ursa Major II,Fauna
Fleshleaf Filterer,Enlil II,Fauna
Fleshleaf Filterer,Pyraas II,Fauna
Fleshleaf Filterer,Zelazny III,Fauna
Flocking Ankylosaurus geophage,Polvo,Fauna
Flocking Ankylosaurus Grazer,Proxima Ternion III,Fauna
Flocking Beetlecrab Grazer,Schrodinger VIII-A,Fauna
Flocking Beetlecrab Herbivore,Oborum I,Fauna
Flocking Blistercrab Herbivore,Serpentis IV,Fauna
Flocking Bonefrill Grazer,Muphrid IV,Fauna
Flocking Boneshell Grazer,Kumasi III,Fauna
Flocking Brainblimp Filterer,Nemeria IV-A,Fauna
Flocking Brainblimp Filterer,Hyla II,Fauna
Flocking Brainsprout Filterer,Zelazny III,Fauna
Flocking Brightcage Geophage,Eridani III,Fauna
Flocking Canard Filterer,Huygens VII-B,Fauna
Flocking Caterpillar Scavenger,Decaran I,Fauna
Flocking Cephalopod Scavenger,Kumasi I,Fauna
Flocking Clawback Filterer,Suvorov,Fauna
Flocking Clawback Herbivore,Feynman III,Fauna
Flocking Clawback Scavenger,Syrma IV,Fauna
Flocking Clickbeetle Grazer,Archimedes III,Fauna
Flocking Clickbeetle Herbivore,Marduk IV,Fauna
Flocking Cobalt Filterer,Beta Andraste I-A,Fauna
Flocking Cockroach Scavenger,Jaffa III,Fauna
Flocking Coralcrawler Geophage,Gagarin,Fauna
Flocking Crab Filterer,Tirna VIII-C,Fauna
Flocking Crab Geophage,Bara II,Fauna
Flocking Crab Herbivore,Freya III,Fauna
Flocking Cranehopper Grazer,Charybdis II,Fauna
Flocking Cutterhead Geophage,Newton II,Fauna
Flocking Cutterhead Grazer,Niira,Fauna
Flocking Cyclozard Scavenger,Khayyam II,Fauna
Flocking Dodo Grazer,Montara Luna,Fauna
Flocking Earback Grazer,Syrma III,Fauna
Flocking Earback Herbivore,Guniibuu II,Fauna
Flocking Eggtail Filterer,Khayyam II,Fauna
Flocking Exocrawler,Schrodinger III,Fauna
Flocking Exocrawler Geophage,Copernicus Minor I-A,Fauna
Flocking Exorunner Geophage,Maal IV,Fauna
Flocking Eyespine Scavenger,Ternion III,Fauna
Flocking Geckon Scavenger,Beta Ternion II,Fauna
Flocking Glowhands Grazer,Niira,Fauna
Flocking Grub Herbivore,Hawking I,Fauna
Flocking Hippodon Herbivore,Bardeen V-C,Fauna
Flocking Hippodon Scavenger,Charybdis II,Fauna
Flocking Hornface Grazer,Codos,Fauna
Flocking Horsamander Grazer,Montara Luna,Fauna
Flocking Horsamander Grazer,Leonis V,Fauna
Flocking Horsamander Scavenger,Magnar,Fauna
Flocking Jackknife Geophage,Proxima Ternion IV,Fauna
Flocking Leafback Grazer,Alpha Andraste III,Fauna
Flocking Leafback Herbivore,Leviathan IV,Fauna
Flocking Leafback Scavenger,Pyraas II,Fauna
Flocking Leafbug Filterer,Ternion III,Fauna
Flocking Leafbug Grazer,Archimedes III,Fauna
Flocking Leafbug Herbivore,Sparta III,Fauna
Flocking Leafstrider Filterer,Beta Marae I,Fauna
Flocking Leafstrider Grazer,Rana III,Fauna
Flocking Lionbear Scavenger,Rana III,Fauna
Flocking Lockjaw Grazer,Leonis IV,Fauna
Flocking Longarm Herbivore,Zelazny II,Fauna
Flocking Marnokk Herbivore,Hawking I,Fauna
Flocking Nautiloos Filterer,Strix I,Fauna
Flocking Nautiloos Filterer,Al-Battani II,Fauna
Flocking Octomaggot Grazer,Masada III,Fauna
Flocking Octomaggot Grazer,Procyon III,Fauna
Flocking Orchid Geophage,Lantana VIII-B,Fauna
Flocking Orchid Scavenger,Arcturus II,Fauna
Flocking Plateskin Grazer,Bara III,Fauna
Flocking Rockhound Geophage,Khayyam II,Fauna
Flocking Roundface Herbivore,Bardeen III,Fauna
Flocking Roundshell Grazer,Celebrai II,Fauna
Flocking Saturnine Grazer,Nesoi,Fauna
Flocking Scarab Herbivore,Rasalhague II,Fauna
Flocking Scepter Filterer,Zelazny II,Fauna
Flocking Scepter Geophage,Ka'zaal,Fauna
Flocking Scepterer Filterer,Ternion III,Fauna
Flocking Scorpion Geophage,Kumasi II,Fauna
Flocking Scorpion Scavenger,Charybdis III,Fauna
Flocking Seabat Geophage,Jemison,Fauna
Flocking Shardhopper Geophage,Lantana IV,Fauna
Flocking Shardhopper Geophage,Gagarin,Fauna
Flocking Shellephant Grazer,Kumasi I,Fauna
Flocking Shroomhead Grazer,Groombridge VIII-A,Fauna
Flocking Sloth Grazer,Vega II-C,Fauna
Flocking Snuffler Scavenger,Leonis III,Fauna
Flocking Sporeback Grazer,Charybdis II,Fauna
Flocking Stingray Scavenger,Zeta Ophiuchi I,Fauna
Flocking Toadface Herbivore,Tirna II,Fauna
Flocking Tongueface Herbivore,Moloch II,Fauna
Flocking Triantler Herbivore,Zeta Ophiuchi I,Fauna
Flocking Trident Grazer,Volii Epsilon,Fauna
Flocking Trihorn Grazer,Tau Ceti VIII-B,Fauna
Flocking Tubecrawler Geophage,Rana III,Fauna
Flocking Vuvuzelisk Grazer,Nesoi,Fauna
Flocking Windbag Filterer,Kang III,Fauna
Flying Leech,Akila,Fauna
Forest Wisp,Beta Ternion III,Flora
Forest Wisp,Muphrid V-B,Flora
Forest Wisp,Algorab II,Flora
Forest Wisp,Bel II,Flora
Forest Wisp,Kumasi III,Flora
Forest Wisp,Porrima III,Flora
Forest Wisp,Ursa Minor II,Flora
Forest Wisp,Sparta IV,Flora
Forest Wisp,McClure II,Flora
Forest Wisp,Khayyam II,Flora
Forest Wisp,Ternion III,Flora
Forest Wisp,Groombridge VIII-A,Flora
Frigid Palm,Guniibuu II,Flora
Frigid Palm,Kumasi II,Flora
Frigid Palm,Linnaeus II,Flora
Frigid Palm,Strix I,Flora
Frigid Palm,Zeta Ophiuchi I,Flora
Frost Reed,Bardeen III,Flora
Frost Reed,Bohr II,Flora
Frost Reed,Kreet,Flora
Frost Reed,Toliman II,Flora
Frost Reed,Procyon III,Flora
Gasping Fireleaf,Kang III,Flora
Gasping Fireleaf,Altair II,Flora
Gasping Fireleaf,Rivera I,Flora
Ghost Grazer,Charybdis III,Fauna
Ginger Cage Vine,Ursa Major I,Flora
Glider Filterer,Kang III,Fauna
Glider Scavenger,Beta Ternion II,Fauna
Glider Scavenger,Eridani II,Fauna
Glossy Stickweed,Oborum I,Flora
Glossy Stickweed,Piazzi IV-C,Flora
Glossy Stickweed,Moloch II,Flora
Glossy Stickweed,McClure II,Flora
Glossy Stickweed,Syrma VII-A,Flora
Glossy Stickweed,Jemison,Flora
Glossy Stickweed,Groombridge VIII-A,Flora
Glossy Stickweed,Marduk IV,Flora
Glowback Grazer,Celebrai II,Fauna
Glowhands Grazer,Shoza III,Fauna
Gnaw Stalk,Ka'zaal,Flora
Gnaw Stalk,Pyraas II,Flora
Gnaw Stalk,Bardeen III,Flora
Golden Creeper,Muphrid V-B,Flora
Golden Creeper,Algorab III-B,Flora
Golden Creeper,Eridani IV,Flora
Golden Creeper,Sparta III,Flora
Golden Creeper,Akila,Flora
Golden Creeper,Sparta IV,Flora
Golden Creeper,Verne II,Flora
Golden Creeper,Lantana III,Flora
Golden Creeper,Heisenberg V-A,Flora
Golden Creeper,Ternion III,Flora
Golden Creeper,Montara Luna,Flora
Golden Sand Root,Kang III,Flora
Golden Sand Root,Shoza V,Flora
Golden Sand Root,Kumasi II,Flora
Golden Sand Root,Cassiopeia IV-A,Flora
Gossamer Filterer,Ixyll III-B,Fauna
Gossamer Filterer,Vesta,Fauna
Gossamer Filterer,Moloch II,Fauna
Gossamer Filterer,Copernicus IV,Fauna
Gossamer Filterer,Zosma V-A,Fauna
Gossamer Filterer,Bel I,Fauna
Gossamer Scavenger,Procyon III,Fauna
Grabber Filterer,Jaffa III,Fauna
Grabber Filterer,Shoza II,Fauna
Grabber Filterer,Polvo,Fauna
Grabber Filterer,Denebola I-B,Fauna
Grabber Filterer,Gamma Vulpes II-A,Fauna
Grabber Geophage,Serpentis IV,Fauna
Grabber Grazer,Algorab II,Fauna
Grabber Grazer,Vesta,Fauna
Grabber Grazer,Bardeen III,Fauna
Grabber Grazer,Maal IV,Fauna
Grabber Grazer,Bel II,Fauna
Grabber Grazer,Moloch II,Fauna
Grabber Grazer,Nirvana II,Fauna
Grabber Grazer,Ternion III,Fauna
Grabber Grazer,Beta Marae I,Fauna
Grabber Herbivore,Kumasi II,Fauna
Grabber Scavenger,Copernicus II,Fauna
Grabber Scavenger,Archimedes III,Fauna
Grazing Ensifer,Akila,Fauna
Greater Jaffa Lizard,Jaffa IV,Fauna
Grub Filterer,Feynman I,Fauna
Grub Geophage,Freya IX-B,Fauna
Grub Geophage,Vega II-C,Fauna
Grub Grazer,Charybdis III,Fauna
Grub Herbivore,Verne II,Fauna
Grylloba,Suvorov,Fauna
Grylloba Hunter,Suvorov,Fauna
Hardy Woundwort,Gamma Vulpes II-A,Flora
Hardy Woundwort,Serpentis IV,Flora
Haven Vine,Hawking I,Flora
Haven Vine,Zelazny III,Flora
Haven Vine,Jaffa III,Flora
Haven Vine,Shoza II,Flora
Haven Vine,Masada III,Flora
Haviva Vine,Alpha Andraste II,Flora
Haviva Vine,Andromas III,Flora
Hecate's Fireleaf,Bradbury III,Flora
Hecate's Fireleaf,Groombridge I,Flora
Hecate's Fireleaf,Zosma V-A,Flora
Hecate's Fireleaf,Arcturus II,Flora
Hecate's Fireleaf,Porrima II,Flora
Hecate's Fireleaf,Gamma Vulpes I,Flora
Herding Arachnofly Filterer,Zosma V-A,Fauna
Herding beetlecrab filterer,Porrima III,Fauna
Herding Beetlecrab Grazer,Beta Marae I,Fauna
Herding Beetlecrab Scavenger,Nirvana II,Fauna
Herding bighorn geophage,Polvo,Fauna
Herding Blistercrab Filterer,Serpentis II,Fauna
Herding Blistercrab Grazer,Tirna VIII-C,Fauna
Herding Blistercrab Grazer,Ternion III,Fauna
Herding Blistercrab Scavenger,Algorab II,Fauna
Herding Boneback Filterer,Heinlein VI-A,Fauna
Herding Boneback Grazer,Newton II,Fauna
Herding Boneback Grazer,Denebola I-B,Fauna
Herding Boneback Grazer,Ixyll III-B,Fauna
Herding Boneback Scavenger,Sumati,Fauna
Herding Bonefrill Geophage,Maal IV,Fauna
Herding Boneglider Filterer,Ka'zaal,Fauna
Herding Bonemane Grazer,Tau Ceti II,Fauna
Herding Bonemane Grazer,Magnar,Fauna
Herding Bonemane Herbivore,Bel II,Fauna
Herding Brainblimp Filterer,Andromas III,Fauna
Herding Brainsprout Filterer,Marduk IV,Fauna
Herding Brainsprout Grazer,Feynman IV,Fauna
Herding Brainsprout Grazer,Arcturus II,Fauna
Herding Brainsprout Grazer,Rutherford III,Fauna
Herding Brainsquid Scavenger,Lantana III,Fauna
Herding Brightcage Geophage,Zeta Ophiuchi VI-A,Fauna
Herding Cagebrain Grazer,Zelazny III,Fauna
Herding Cagebrain Grazer,Codos,Fauna
Herding Cagebrain Herbivore,Tau Ceti VIII-B,Fauna
Herding Canard Filterer,Linnaeus II,Fauna
Herding Canard Scavenger,Serpentis III,Fauna
Herding Cassowary Scavenger,Porrima II,Fauna
Herding Clawback Herbivore,Rana IV,Fauna
Herding Clawback Scavenger,Fermi III,Fauna
Herding Clawback Scavenger,Lantana III,Fauna
Herding Clickbeetle Grazer,Kumasi III,Fauna
Herding Clickbeetle Grazer,Guniibuu II,Fauna
Herding Cockatrice Herbivore,Montara Luna,Fauna
Herding Coralbucket Filterer,Gagarin,Fauna
Herding Coralbug,Xi Ophiuchi VIII-B,Fauna
Herding Coralbug Filterer,Bannoc II,Fauna
Herding Coralcrawler Filterer,Oborum I,Fauna
Herding Coralcrawler Filterer,Bannoc II,Fauna
Herding Coralcrawler Filterer,Shoza II,Fauna
Herding Coralcrawler Grazer,Procyon III,Fauna
Herding Coralcrawler Grazer,Ursa Minor II,Fauna
Herding Crab Grazer,Muphrid V-B,Fauna
Herding Crab Grazer,Serpentis III,Fauna
Herding Crab Grazer,Ixyll II,Fauna
Herding Crab Herbivore,Tidacha I,Fauna
Herding Crab Herbivore,Serpentis IV,Fauna
Herding Crabfly Geophage,Freya IX-B,Fauna
Herding Crabfly Grazer,Decaran I,Fauna
Herding Crabfly Grazer,Schrodinger IV,Fauna
Herding Crabfly Grazer,Procyon III,Fauna
Herding Cutterhead Grazer,Heinlein IV-B,Fauna
Herding Cutterhead Grazer,Serpentis IV,Fauna
Herding Cutterhead Herbivore,Katydid I-A,Fauna
Herding Cutterhead Herbivore,Jemison,Fauna
Herding Dodo Scavenger,Freya III,Fauna
Herding Dragon Scavenger,Bardeen III,Fauna
Herding Dragonfly Grazer,Charybdis III,Fauna
Herding Eggsac Filterer,Zeta Ophiuchi I,Fauna
Herding Flapwheel Grazer,Heisenberg II,Fauna
Herding Fluke Filterer,Denebola I-B,Fauna
Herding Geckon Grazer,Nesoi,Fauna
Herding Glider Grazer,Toliman II,Fauna
Herding Glider Herbivore,Rutherford III,Fauna
Herding Glider Scavenger,Charybdis II,Fauna
Herding Glowback Scavenger,Kumasi I,Fauna
Herding Glowhands Geophage,Zelazny II,Fauna
Herding Glowhands Grazer,Shoza IV,Fauna
Herding Hippodon Scavenger,Nesoi,Fauna
Herding Hornface Herbivore,Oborum I,Fauna
Herding Hornface Herbivore,Bardeen III,Fauna
Herding Hornface Scavenger,Shoza II,Fauna
Herding Horsamander Geophage,Bel I,Fauna
Herding Horsamander Grazer,Ixyll III-B,Fauna
Herding Horsamander Herbivore,Vega II-C,Fauna
Herding Kelpstrider Herbivore,Archimedes III,Fauna
Herding Lacraia Grazer,Katydid I-A,Fauna
Herding Leafback Geophage,Pyraas VIII-A,Fauna
Herding Leafback Grazer,Beta Ternion I,Fauna
Herding Leafbug Grazer,Porrima II,Fauna
Herding Leafbug Grazer,Serpentis IV,Fauna
Herding Leafstrider Filterer,Bara III,Fauna
Herding Leecher Grazer,Algorab II,Fauna
Herding Leecher Grazer,Rasalhague II,Fauna
Herding Lionfish Filterer,Gamma Vulpes I,Fauna
Herding Lionfish Grazer,Verne II,Fauna
Herding Lionfish Grazer,Copernicus II,Fauna
Herding Lockjaw Grazer,Tidacha I,Fauna
Herding Lockjaw Grazer,Vesta,Fauna
Herding Lockjaw Scavenger,Archimedes III,Fauna
Herding Longhorn Geophage,Neebas,Fauna
Herding Longhorn Herbivore,Gamma Vulpes I,Fauna
Herding Longneck Herbivore,Groombridge VIII-A,Fauna
Herding Longneck Scavenger,Zeta Ophiuchi I,Fauna
Herding Loxodont Grazer,Schrodinger III,Fauna
Herding Mantodea Grazer,Shoza III,Fauna
Herding Mantodea Scavenger,Masada III,Fauna
Herding Marnokk Scavenger,Bolivar I,Fauna
Herding Mayfly Scavenger,Hawking I,Fauna
Herding Monitor Grazer,Toliman II,Fauna
Herding Morion Grazer,Guniibuu II,Fauna
Herding Mothwing Scavenger,Beta Marae I,Fauna
Herding Nautiloos Filterer,Fermi VII-A,Fauna
Herding Nautiloos Filterer,Andromas III,Fauna
Herding Noid Herbivore,Masada III,Fauna
Herding Octomaggot Filterer,Bel I,Fauna
Herding Octomaggot Herbivore,Shoza III,Fauna
Herding Octomaggot Scavenger,Zosma V-A,Fauna
Herding Olgreg,Cassiopeia IV-A,Fauna
Herding Reefwalker Scavenger,Jemison,Fauna
Herding Rockground Scavenger,Beta Marae I,Fauna
Herding Rockhound Geophage,Bradbury IV,Fauna
Herding Rockhound Grazer,Nemeria II,Fauna
Herding Rockhound Grazer,Ursa Major II,Fauna
Herding Roundshell Grazer,Huygens IV,Fauna
Herding Roundshell Scavenger,Eridani IV,Fauna
Herding Roundshell Scavenger,Beta Marae I,Fauna
Herding Sailgator Herbivore,Kumasi II,Fauna
Herding Saturnine Filterer,Zelazny III,Fauna
Herding Scepter Filterer,Piazzi IV-C,Fauna
Herding Scoopback Geophage,Strix I,Fauna
Herding Scoopback Geophage,Al-Battani II,Fauna
Herding Seabat Grazer,Bel II,Fauna
Herding Sentinel Filterer,Al-Battani II,Fauna
Herding Shardhopper Geophage,Xi Ophiuchi VIII-B,Fauna
Herding Shellephant Grazer,Proxima Ternion III,Fauna
Herding Shieldshell,Heinlein VI-A,Fauna
Herding Snail Grazer,Andromas II,Fauna
Herding Spiderwasp Grazer,Bardeen III,Fauna
Herding Sporeback Grazer,Sparta IV,Fauna
Herding Stingray,Rana III,Fauna
Herding Stingray Grazer,Syrma VII-A,Fauna
Herding Stoneback Scavenger,Leonis V,Fauna
Herding Stonewalker Geophage,Archimedes II,Fauna
Herding Stonewalker Geophage,Bradbury IV,Fauna
Herding Stonewalker Grazer,Verne II,Fauna
Herding Sunflower Filterer,Altair II,Fauna
Herding Sunflower Filterer,Freya III,Fauna
Herding Tapeworm Grazer,Moloch II,Fauna
Herding Tapeworm Scavenger,Huygens VII-B,Fauna
Herding Toadface Herbivore,Schrodinger III,Fauna
Herding Tongueface Geophage,Guniibuu VI-b,Fauna
Herding Tongueface Grazer,Hyla II,Fauna
Herding Tongueface Grazer,Rana III,Fauna
Herding Tongueface herbivore,Porrima IV-C,Fauna
Herding Trihorn Geophage,Kumasi II,Fauna
Herding Trihorn Grazer,Alpha Andraste III,Fauna
Herding trihorn grazer,Polvo,Fauna
Herding Trihorn Grazer,Bradbury III,Fauna
Herding Trihorn Herbivore,Pyraas II,Fauna
Herding Tuskfrog Filterer,Serpentis IV,Fauna
Herding Twigwalker Grazer,Marduk IV,Fauna
Herding Vectorback Filterer,Pyraas II,Fauna
Herding Vectorback Herbivore,Beta Marae I,Fauna
Herding Vuvuzelisk Filterer,Tirna II,Fauna
Herding Vuvuzelisk Geophage,Cassiopeia IV-A,Fauna
Herding Vuvuzelisk Grazer,Beta Ternion III,Fauna
Herding Vuvuzelisk Grazer,Eridani II,Fauna
Herding Vuvuzelisk Grazer,Ursa Major II,Fauna
Herding Vuvuzelisk Herbivore,Bardeen V-C,Fauna
Herding Vuvuzelisk Scavenger,McClure II,Fauna
Herding Wiggler Geophage,Tirna X-A,Fauna
Herding Windbag Grazer,Heisenberg II,Fauna
Herding Windbag Grazer,Copernicus II,Fauna
Herding Wobbleback Geophage,Aranae I,Fauna
Herding Wobbleback Herbivore,Jaffa II,Fauna
Hornwing Scavenger,Archimedes III,Fauna
Horsamander Grazer,Celebrai II,Fauna
Horsamander Grazer,Moloch II,Fauna
Hunter's Stalk,Pyraas VII-B,Flora
Hunter's Stalk,Leviathan IV,Flora
Hunter's Stalk,Maal IV,Flora
Hunter's Stalk,Algorab III-B,Flora
Hunter's Stalk,Shoza III,Flora
Hunter's Stalk,Pyraas II,Flora
Hunting Angler,Copernicus II,Fauna
Hunting Angler Stalker,Guniibuu II,Fauna
Hunting Ankylosaurus,Tau Ceti II,Fauna
Hunting Arachnomantis Stalker,Ka'zaal,Fauna
Hunting Arapaima,Leonis III,Fauna
Hunting Bighorn,Eridani II,Fauna
Hunting Bighorn,Toliman II,Fauna
Hunting Bonecrest,Proxima Ternion III,Fauna
Hunting Bonefrill,Serpentis III,Fauna
Hunting Bonefrill,Rana III,Fauna
Hunting Bonefrill Geophage,Nirvana II,Fauna
Hunting Bonefrill Stalker,Vesta,Fauna
Hunting Boneglider,Ixyll II,Fauna
Hunting Bonemane,Polvo,Fauna
Hunting Boneshell,Codos,Fauna
Hunting Boneshell,Archimedes V-a,Fauna
Hunting Boneshell,Beta Marae I,Fauna
Hunting Brainblimp,Syrma III,Fauna
Hunting Brainsprout,Cassiopeia I,Fauna
Hunting Brainsprout,Enlil I-A,Fauna
Hunting Brainsprout,Kumasi I,Fauna
Hunting Brainsquid,Bolivar I,Fauna
Hunting Brainsquid,Feynman IV,Fauna
Hunting Brainsquid,Bara III,Fauna
Hunting Brainsquid,Kumasi II,Fauna
Hunting Brightcage,Altair II,Fauna
Hunting Brightcage,Groombridge VIII-A,Fauna
Hunting Cagebrain,Piazzi IV-C,Fauna
Hunting Cagebrain,Lantana III,Fauna
Hunting Cagebrain,Kumasi II,Fauna
Hunting Caterpillar Scavenger,Copernicus Minor I-A,Fauna
Hunting Cephalopod,Nirvana II,Fauna
Hunting Clickbeetle Scanvenger,Alpha Andraste III,Fauna
Hunting Cockroach,Foucault II,Fauna
Hunting Cockroach,Decaran I,Fauna
Hunting Coralbug,Ixyll III-B,Fauna
Hunting Coralbug,Feynman III,Fauna
Hunting Coralbug Stalker,Moloch II,Fauna
Hunting Coralcrab,Tirna II,Fauna
Hunting Coralcrab,Ursa Major II,Fauna
Hunting Coralcrab,Jaffa II,Fauna
Hunting Coralcrab,Bradbury III,Fauna
Hunting Coralcrab,Eridani III,Fauna
Hunting Coralcrawler,Serpentis IV,Fauna
Hunting Crab,Sumati,Fauna
Hunting Crab,Beta Ternion I,Fauna
Hunting Crab,Eridani IV,Fauna
Hunting Crab Scavenger,Bel I,Fauna
Hunting Cricket,Tirna X-A,Fauna
Hunting Cricket,Archimedes V-a,Fauna
Hunting Cricket,Shoza II,Fauna
Hunting Cricket,Beta Ternion III,Fauna
Hunting Cricket,Tau Ceti VIII-B,Fauna
Hunting Cricket Stalker,Copernicus II,Fauna
Hunting Crocalypse,Archimedes V-a,Fauna
Hunting Crocalypse,Nemeria II,Fauna
Hunting Dodo,Zeta Ophiuchi I,Fauna
Hunting Dragon,Gamma Vulpes II-A,Fauna
Hunting Dragon,Serpentis II,Fauna
Hunting Exocrawler,Algorab III-B,Fauna
Hunting Exocrawler,Heisenberg II,Fauna
Hunting Exorunner,Fermi III,Fauna
Hunting Foxbat,Jaffa III,Fauna
Hunting Glider,Archimedes V-a,Fauna
Hunting Glider,Moloch II,Fauna
Hunting Glowhands,Piazzi IV-C,Fauna
Hunting Glowhands Stalker,Freya IX-B,Fauna
Hunting Hammersaur,Gamma Vulpes I,Fauna
Hunting Hammersaur,Hawking I,Fauna
Hunting Hookneck,Syrma VII-A,Fauna
Hunting Hornface,Muphrid V-B,Fauna
Hunting Ikuradon,Lantana IV,Fauna
Hunting Ikuradon,Hyla II,Fauna
Hunting Kronosaurus,Procyon III,Fauna
Hunting Landshark,Arcturus II,Fauna
Hunting Landshark,Shoza IV,Fauna
Hunting Landshark,Beta Ternion II,Fauna
Hunting Leafback,Celebrai II,Fauna
Hunting Leafstrider,Aranae I,Fauna
Hunting Leafstrider,Eridani II,Fauna
Hunting Lockjaw,Zelazny III,Fauna
Hunting Lockjaw,Hyla II,Fauna
Hunting Lockjaw Herbivore,Ka'zaal,Fauna
Hunting Loxodont,Nirvana II,Fauna
Hunting Nail Tail,Verne II,Fauna
Hunting Nailtail,Ixyll III-B,Fauna
Hunting Nailtail,Gamma Vulpes II-A,Fauna
Hunting Nautiloos Scavenger,Maal IX-B,Fauna
Hunting Nightmare,Ixyll II,Fauna
Hunting Octomaggot,Schrodinger IV,Fauna
Hunting Octomaggot,Algorab II,Fauna
Hunting Paddlefish,Newton II,Fauna
Hunting Raptor,Cassiopeia IV-A,Fauna
Hunting Roundshell Grazer,Syrma VII-A,Fauna
Hunting Sailgator,Maal V,Fauna
Hunting Sailgator,McClure II,Fauna
Hunting Sailgator,Tidacha I,Fauna
Hunting Sailgator Scavenger,Rutherford III,Fauna
Hunting Scarab,Heisenberg II,Fauna
Hunting Scarab,Kang III,Fauna
Hunting Scorpion,Schrodinger VIII-A,Fauna
Hunting Scorpion,Maal IV,Fauna
Hunting Seabat,Ternion III,Fauna
Hunting Sharkwhale,Volii Alpha,Fauna
Hunting Sharkwhale,Altair II,Fauna
Hunting Sharkwhale,Andromas II,Fauna
Hunting Shieldshell,Delta Vulpes V-C,Fauna
Hunting Shieldshell,Muphrid IV,Fauna
Hunting Shieldshell,Sparta III,Fauna
Hunting Shieldshell,Ursa Minor II,Fauna
Hunting Shieldshell,Huygens III,Fauna
Hunting Shieldshell,Procyon III,Fauna
Hunting Silverfish,Ka'zaal,Fauna
Hunting Skullface,Charybdis III,Fauna
Hunting Sloth Geophage,Hawking I,Fauna
Hunting Spiderwasp Stalker,Enlil II,Fauna
Hunting Stonewalker,Khayyam II,Fauna
Hunting Stonewalker Scavenger,Beta Ternion II,Fauna
Hunting Stonewalker Stalker,Cassiopeia I,Fauna
Hunting Sunflower,Copernicus IV,Fauna
Hunting Sunflower,Newton II,Fauna
Hunting Sunflower,Shoza II,Fauna
Hunting Tentabeard,Shoza III,Fauna
Hunting Thornmantis,Verne II,Fauna
Hunting Toadface,Magnar,Fauna
Hunting Toadface Stalker,Kumasi III,Fauna
Hunting Trapmaw,Indum II,Fauna
Hunting Trapmaw,Bel I,Fauna
Hunting Trapmaw,Toliman II,Fauna
Hunting Triantler,Nesoi,Fauna
Hunting Trihorn,Bel II,Fauna
Hunting Tuskfrog,Jemison,Fauna
Hunting Twistfin,Nesoi,Fauna
Hunting Vectorback,Guniibuu VI-b,Fauna
Hunting Vectorback,Nesoi,Fauna
Hunting Vectorback,Huygens III,Fauna
Hunting Vectorback Grazer,Maal V,Fauna
Hunting Vuvuzelisk,Eridani III,Fauna
Ice Creeper,Zelazny III,Flora
Ice Creeper,Hyla II,Flora
Ice Creeper,Lantana IV,Flora
Ice Creeper,Tidacha I,Flora
Ice Creeper,Decaran I,Flora
Ice Creeper,Serpentis III,Flora
Iceblood Vine,Gamma Vulpes I,Flora
Iceblood Vine,Hyla II,Flora
Iceblood Vine,Decaran I,Flora
Jackknife Filterer,Schrodinger VIII-A,Fauna
Jackknife Geophage,Cassiopeia IV-A,Fauna
Jackknife Geophage,Kumasi II,Fauna
Jackknife Grazer,Arcturus II,Fauna
Jackknife Grazer,Alpha Andraste III,Fauna
Jackknife Scavenger,Hawking I,Fauna
Jagged Heart Leaf,Archimedes III,Flora
Jagged Heart Leaf,Katydid I-A,Flora
Jagged Heart Leaf,Syrma VII-A,Flora
Jagged Heart Leaf,Lantana IV,Flora
Jagged Heart Leaf,Nesoi,Flora
Jagged Heart Leaf,Bohr II,Flora
Jagged Heart Leaf,Ixyll III-B,Flora
Jealous Heart Vine,Marduk III,Flora
Jealous Heart Vine,Piazzi I,Flora
Jealous Heart Vine,Piazzi IV-C,Flora
Jealous Heart Vine,Rivera I,Flora
Jellyfin Filterer,Lantana VIII-B,Fauna
Jellyfin Filterer,Fermi VII-A,Fauna
Jellyfin Filterer,Nemeria IV-A,Fauna
Jellyfin Filterer,Huygens VII-B,Fauna
Jellyfin Filterer,Eridani II,Fauna
Kingshead Bugloss,Guniibuu VI-b,Flora
Kingshead Bugloss,Archimedes II,Flora
Kingshead Bugloss,Jaffa III,Flora
Kreet Grazer,Kreet,Fauna
Kreet Stalker,Kreet,Fauna
Laga Plant,Lantana III,Flora
Laga Plant,Ursa Major II,Flora
Laga Plant,Oborum I,Flora
Laga Plant,Schrodinger IV,Flora
Laga Plant,Tidacha I,Flora
Laga Plant,Zelazny III,Flora
Lattice Leaf,Maal V,Flora
Lattice Leaf,Bolivar I,Flora
Lattice Leaf,Alpha Andraste III,Flora
Leafbug Grazer,Heisenberg II,Fauna
Leafbug herbivore,Porrima III,Fauna
Leafbug Scavenger,Nemeria II,Fauna
Leafstrider Grazer,Moloch II,Fauna
Leafstrider Herbivore,Verne II,Fauna
Leafstrider Herbivore,Zelazny III,Fauna
Leafy Morningstar,Bannoc II,Flora
Leafy Morningstar,Bardeen V-C,Flora
Leafy Morningstar,Groombridge VIII-A,Flora
Leafy Morningstar,Hawking I,Flora
Leafy Morningstar,Bohr II,Flora
Leafy Morningstar,Bardeen III,Flora
Leafy Morningstar,Shoza II,Flora
Leaning Fireleaf,Guniibuu VI-b,Flora
Leaning Fireleaf,Khayyam II,Flora
Leaning Fireleaf,Piazzi I,Flora
Leaning Fireleaf,Bradbury IV,Flora
Leaning Fireleaf,Marduk IV,Flora
Lesser Jaffa Lizard,Jaffa IV,Fauna
Lesser Silverfish,Cassiopeia I,Fauna
Lockjaw Grazer,Copernicus III,Fauna
Lockjaw Grazer,Bohr II,Fauna
Lockjaw Grazer,Alpha Andraste III,Fauna
Longhorn Grazer,Celebrai II,Fauna
Maggotmaw Geophage,Foucault II,Fauna
Marnokk Grazer,Huygens III,Fauna
Mayfly Filterer,Tau Ceti VIII-B,Fauna
Mayfly Herbivore,Kumasi II,Fauna
Metropus Filterer,Rana III,Fauna
Metropus Scavenger,Freya III,Fauna
Milliwhale Filterer,Huygens IV,Fauna
Milliwhale Filterer,Indum II,Fauna
Milliwhale Filterer,McClure II,Fauna
Milliwhale Filterer,Zelazny II,Fauna
Milliwhale Filterer,Leonis III,Fauna
Milliwhale Filterer,Guniibuu VI-b,Fauna
Milliwhale Filterer,Nesoi,Fauna
Milliwhale Filterer,Leviathan IV,Fauna
Milliwhale Filterer,Moloch II,Fauna
Milliwhale Geophage,Shoza III,Fauna
Milliwhale Geophage,Muphrid IV,Fauna
Milliwhale Grazer,Porrima II,Fauna
Milliwhale Grazer,Zelazny III,Fauna
Milliwhale Grazer,Tirna II,Fauna
Milliwhale Scavenger,Gamma Vulpes II-A,Fauna
Milliwhale Scavenger,Huygens III,Fauna
Mimic Pokeweed,Strix III-A,Flora
Mire Root,Jaffa II,Flora
Mire Root,Huygens III,Flora
Mire Root,Freya III,Flora
Moon Root,Leonis V,Flora
Moon Root,Archimedes III,Flora
Moon Root,Cassiopeia IV-A,Flora
Morion Grazer,Alpha Marae I,Fauna
Morningstar Filterer,Freya III,Fauna
Mossgnath,Akila,Fauna
Moth Vine,Nemeria I,Flora
Moth Vine,Ursa Major II,Flora
Moth Vine,Arcturus II,Flora
Moth Vine,Jaffa II,Flora
Moth Vine,Zelazny II,Flora
Moth Vine,Tau Ceti VIII-B,Flora
Moth Vine,Zelazny III,Flora
Mothwing Grazer,Tidacha I,Fauna
Mothwing Scavenger,Bara III,Fauna
Mountain Silkweed,Strix III-A,Flora
Mountain Silkweed,Al-Battani II,Flora
Mountain Silkweed,Ternion III,Flora
Mountain Silkweed,Decaran I,Flora
Mountain Silkweed,Linnaeus II,Flora
Mountain Silkweed,Zeta Ophiuchi I,Flora
Mountain Silkweed,Masada III,Flora
Mountain Silkweed,Nemeria IV-A,Flora
Mountain Silkweed,Celebrai II,Flora
Mountain Silkweed,Hyla II,Flora
Mustard Bugweed,Maal IV,Flora
Mustard Bugweed,Ursa Major I,Flora
Mustard Bugweed,Tirna II,Flora
Mustard Bugweed,Schrodinger III,Flora
Nautilus Grazer,Serpentis IV,Fauna
Nautilus Scavenger,Vega II-C,Fauna
Nautilus Scavenger,Toliman II,Fauna
Nebula Vine,Bara III,Flora
Nebula Vine,Heisenberg II,Flora
Nebula Vine,Kreet,Flora
Nebula Vine,Alpha Andraste II,Flora
Nebula Vine,Bradbury III,Flora
Nebula Vine,Enlil II,Flora
Nebula Vine,Gamma Vulpes II-A,Flora
Nebula Vine,Hyla II,Flora
Nebula Vine,Shoza III,Flora
Nebula Vine,Zelazny II,Flora
Nebula Vine,Heisenberg V-A,Flora
Nebula Weed,Bardeen III,Flora
Nebula Weed,Huygens III,Flora
Nebula Weed,Charybdis II,Flora
Nebula Weed,Bohr II,Flora
Noid Filterer,Muphrid IV,Fauna
Noid Filterer,Vesta,Fauna
Noid Scavenger,Copernicus Minor I-A,Fauna
Nova Bloom,Groombridge VIII-A,Flora
Nova Bloom,Kumasi III,Flora
Nova Bloom,Ursa Major II,Flora
Nova Bloom,Zeta Ophiuchi I,Flora
Nova Bloom,Rutherford III,Flora
Pack Ankylosaurus,Archimedes II,Fauna
Pack Ankylosaurus,Porrima IV-C,Fauna
Pack Ankylosaurus,Rivera I,Fauna
Pack Ankylosaurus,Tau Ceti VIII-B,Fauna
Pack Ankylosaurus,Vesta,Fauna
Pack Bearclaw,Oborum I,Fauna
Pack Beetlecrab,Proxima Ternion IV,Fauna
Pack Bladehead,Porrima II,Fauna
Pack Bladepack,Ternion III,Fauna
Pack Boneback,Kang III,Fauna
Pack Bonefrill,Rutherford III,Fauna
Pack Boneshell,Zelazny III,Fauna
Pack Brainsprout,Andromas II,Fauna
Pack Cagebrain,Enlil II,Fauna
Pack Cagebrain,Bradbury III,Fauna
Pack Caterpillar,Zeta Ophiuchi I,Fauna
Pack Cephalopod,Charybdis III,Fauna
Pack Clawback Stalker,Pyraas II,Fauna
Pack Clickbeetle,Copernicus III,Fauna
Pack Clickbeetle,Serpentis IV,Fauna
Pack Clickbeetle,Feynman III,Fauna
Pack Cockroach,Moloch II,Fauna
Pack Cockroach,Rana IV,Fauna
Pack Cockroach,Tirna II,Fauna
Pack Cockroach Stalker,Zosma V-A,Fauna
Pack Coralbug,Jemison,Fauna
Pack Coralbug Stalker,Procyon III,Fauna
Pack Coralcrab Stalker,Procyon III,Fauna
Pack Coralcrawler,Kumasi II,Fauna
Pack Crab,Denebola I-B,Fauna
Pack Crab,Hawking I,Fauna
Pack Crab Stalker,Ternion III,Fauna
Pack Crabfly,Bara III,Fauna
Pack Cranehopper,Al-Battani II,Fauna
Pack Cricket,Katydid I-A,Fauna
Pack Cricket,Bardeen V-C,Fauna
Pack Crocalypse,Leonis IV,Fauna
Pack Crocodaunt,Leonis V,Fauna
Pack Crocodaunt,Vega II-C,Fauna
Pack Cutterhead,Rivera I,Fauna
Pack Dragondon,Al-Battani II,Fauna
Pack Dragonfly,Huygens VII-B,Fauna
Pack Eggtail Stalker,Charybdis II,Fauna
Pack Exocrawler,Bardeen III,Fauna
Pack Exocrawler,Guniibuu II,Fauna
Pack Exocrawler,Magnar,Fauna
Pack Exocrawler Scavenger,Bel I,Fauna
Pack Exorunner,Rivera I,Fauna
Pack Exorunner,Ursa Major II,Fauna
Pack Glowhands,Khayyam II,Fauna
Pack Glowhands,Ixyll II,Fauna
Pack Hammersaur,Sparta IV,Fauna
Pack Hammersaur,Rana III,Fauna
Pack Hammersaur,Shoza III,Fauna
Pack Horsamander,Bardeen III,Fauna
Pack Kronosaurus,Nirvana II,Fauna
Pack Kronosaurus,Rana VI-A,Fauna
Pack Kronosaurus,Polvo,Fauna
Pack Lacraia,Pyraas II,Fauna
Pack Landshark,Masada III,Fauna
Pack Landshark,Zelazny II,Fauna
Pack Lionbear,Rivera I,Fauna
Pack Lionbear,Celebrai II,Fauna
Pack Lionbear,Alpha Andraste III,Fauna
Pack Lionbear,Beta Ternion II,Fauna
Pack Longhorn,Alpha Andraste III,Fauna
Pack Longhorn,Oborum I,Fauna
Pack Maggotmaw,Kang III,Fauna
Pack Mossasaur,Zelazny II,Fauna
Pack Mothwing,Charybdis II,Fauna
Pack Nailtail,Zeta Ophiuchi VI-A,Fauna
Pack Octomaggot,Montara Luna,Fauna
Pack Paddlefish,Jaffa III,Fauna
Pack Paddlefish,Xi Ophiuchi VIII-B,Fauna
Pack Prong Wing Seabat,Gagarin,Fauna
Pack Rockhound,Gamma Vulpes I,Fauna
Pack Sailgator,Leonis IV,Fauna
Pack Scarab,Leonis III,Fauna
Pack Scarab,Zelazny III,Fauna
Pack Scarab,Vega II-C,Fauna
Pack Scarab,Muphrid IV,Fauna
Pack Scarab,Schrodinger III,Fauna
Pack Scarab,Marduk IV,Fauna
Pack Scorpion,Serpentis IV,Fauna
Pack Seabat,Porrima II,Fauna
Pack Shardhopper,Neebas,Fauna
Pack Shardhopper,Shoza III,Fauna
Pack Sharkwhale,Marduk IV,Fauna
Pack Sharkwhale,Zeta Ophiuchi I,Fauna
Pack Silverfish,Charybdis II,Fauna
Pack Skullface,Syrma IV,Fauna
Pack Spiderwasp,Zosma V-A,Fauna
Pack Stingback,Rana IV,Fauna
Pack Stingray,Zelazny II,Fauna
Pack Sunfish,Fermi VII-A,Fauna
Pack Tentabeard,Groombridge VIII-A,Fauna
Pack Thornmantis,Hawking I,Fauna
Pack Trapmaw,Huygens III,Fauna
Pack Trapmaw,Alpha Andraste III,Fauna
Pack Trapmaw,Archimedes III,Fauna
Pack Trapmaw,Piazzi IV-C,Fauna
Pack Trapmaw,Rana III,Fauna
Pack Trapmaw,Eridani III,Fauna
Pack Trapmaw,Syrma IV,Fauna
Pack Tuskfrog,Zeta Ophiuchi I,Fauna
Pack Twintail,Kumasi I,Fauna
Pack Twistfin,Shoza II,Fauna
Pack Twistfin,Kumasi I,Fauna
Pack Unishark,Tirna VIII-C,Fauna
Pack Unishark,Maal V,Fauna
Pack Vulture,Charybdis II,Fauna
Pack Vulture Stalker,Polvo,Fauna
Pack Whaleshark,Rana VI-A,Fauna
Pack Whaleshark,Nemeria IV-A,Fauna
Pack Windbag,Leviathan IV,Fauna
Pack Windbag,Newton II,Fauna
Parrothawk Filterer,Bohr II,Fauna
Parrothawk Scavenger,Bardeen III,Fauna
Passenger Vine,Copernicus II,Flora
Passenger Vine,Leonis III,Flora
Passenger Vine,Tirna II,Flora
Pearl Filterer,Denebola I-B,Fauna
Pearl Filterer,Oborum I,Fauna
Pearl Filterer,Bannoc II,Fauna
Pearl Herbivore,Rutherford III,Fauna
Phoenix Briar,Heinlein VI-A,Flora
Pinecone Geophage,Sparta III,Fauna
Pinecone Herbivore,Bardeen V-C,Fauna
Pinecone Scavenger,Eridani II,Fauna
Prickly Awaj,Charybdis IV,Flora
Puffball Filterer,Lantana III,Fauna
Puffball Filterer,Ursa Minor II,Fauna
Puffball filterer,Porrima IV-C,Fauna
Puffball Filterer,Huygens III,Fauna
Puffball Filterer,Ixyll II,Fauna
Rainbow Agnathan,Akila,Fauna
Red Latticebulb,Archimedes V-a,Flora
Red Latticebulb,Bolivar I,Flora
Red Latticebulb,Eridani II,Flora
Red Latticebulb,Huygens IV,Flora
Red Latticebulb,Ka'zaal,Flora
Red Latticebulb,Heisenberg V-A,Flora
Red Latticebulb,Leonis V,Flora
Red Mile Mauler,Porrima III,Fauna
Red Stinging Nettle,Niira,Flora
Red Stinging Nettle,Cassiopeia IV-A,Flora
Red Stinging Nettle,Ursa Major I,Flora
Rosy Tendril Weed,Rana III,Flora
Rosy Tendril Weed,Serpentis II,Flora
Rotorstalk,Bardeen V-C,Flora
Rotting Stinkroot,Ka'zaal,Flora
Rotting Stinkroot,Procyon III,Flora
Rotting Stinkroot,Serpentis IV,Flora
Rotting Stinkroot,Bardeen III,Flora
Roundshell Geophage,Delta Vulpes V-C,Fauna
Roundshell Grazer,Gamma Vulpes I,Fauna
Sage Shrub,Masada III,Flora
Sage Shrub,Bel I,Flora
Sage Shrub,Groombridge VIII-A,Flora
Sage Shrub,Shoza III,Flora
Sage Shrub,Leonis V,Flora
Sage Shrub,Beta Ternion II,Flora
Sage shrub,Codos,Flora
Sage Shrub,Celebrai II,Flora
Sage Shrub,Charybdis II,Flora
Sandclaw,Groombridge I,Flora
Sandclaw,Porrima II,Flora
Sandclaw,Pyraas II,Flora
Sandclaw,Huygens VII-B,Flora
Sandclaw,Nesoi,Flora
Sandclaw,Strix I,Flora
Sandy Goldenglow,Codos,Flora
Sandy Goldenglow,Gamma Vulpes I,Flora
Sandy Goldenglow,Heinlein IV-B,Flora
Satellite Ghostvine,Charybdis III,Flora
Satellite Ghostvine,Guniibuu II,Flora
Satellite Ghostvine,Enlil II,Flora
Satellite Ghostvine,Moloch II,Flora
Satellite Ghostvine,Pyraas II,Flora
Satellite Ghostvine,Serpentis IV,Flora
Satellite Ghostvine,Ixyll III-B,Flora
Satellite Ghostvine,Nemeria IV-A,Flora
Saturnine Filterer,Jaffa II,Fauna
Savage Woundwort,Copernicus IV,Flora
Savage Woundwort,Heisenberg V-A,Flora
Savage Woundwort,Schrodinger IV,Flora
Savage Woundwort,Charybdis II,Flora
Savage Woundwort,Serpentis III,Flora
Savage Woundwort,Montara Luna,Flora
Savanna Sweetbush,Montara Luna,Flora
Savanna Sweetbush,Rasalhague II,Flora
Savanna Sweetbush,Schrodinger IV,Flora
Savanna Sweetbush,Bel I,Flora
Savanna Sweetbush,Rana III,Flora
Savanna Sweetbush,Rutherford III,Flora
Savanna Sweetbush,Akila,Flora
Scarlet Hillfrond,Schrodinger III,Flora
Scarlet Hillfrond,Proxima Ternion III,Flora
Scarlet Hillfrond,Heisenberg V-A,Flora
Scarlet Hillfrond,Heisenberg II,Flora
Scarlet Hillfrond,Masada III,Flora
Scepter Filterer,Eridani III,Fauna
Schooling Arapaima Filterer,Kumasi II,Fauna
Schooling Arapaima Scavenger,Huygens III,Fauna
Schooling Bladehead Filterer,Zelazny II,Fauna
Schooling Bladehead grazer,Polvo,Fauna
Schooling Exowhale Filterer,Kumasi I,Fauna
Schooling Featherfin Filterer,Procyon III,Fauna
Schooling Featherfin Filterer,Montara Luna,Fauna
Schooling Finback Filterer,Leviathan IV,Fauna
Schooling Finback Scavenger,Huygens IV,Fauna
Schooling Finback Scavenger,Porrima II,Fauna
Schooling Kronosaurus Filterer,Heinlein VI-A,Fauna
Schooling Kronosaurus Grazer,Sumati,Fauna
Schooling Kronosaurus Grazer,Gamma Vulpes II-A,Fauna
Schooling Kronosaurus Scavenger,Muphrid V-B,Fauna
Schooling Kronosaurus Scavenger,Fermi III,Fauna
Schooling Kronosaurus Scavenger,Bardeen III,Fauna
Schooling Lurefish Scavenger,Syrma IV,Fauna
Schooling Lurefish Scavenger,Guniibuu II,Fauna
Schooling Paddlefish Filterer,Leonis III,Fauna
Schooling Paddlefish Grazer,Shoza III,Fauna
Schooling Paddlefish Scavenger,Nirvana II,Fauna
Schooling Sawhead Grazer,Indum II,Fauna
Schooling Sawhead Grazer,Ixyll II,Fauna
Schooling Sawhead Grazer,Sparta IV,Fauna
Schooling Sawhead Scavenger,Maal V,Fauna
Schooling Seahag Filterer,Xi Ophiuchi VIII-B,Fauna
Schooling Seahag Grazer,Andromas II,Fauna
Schooling Sharkwhale Scavenger,Ixyll III-B,Fauna
Schooling Skullface Scavenger,Khayyam II,Fauna
Schooling Unishark Scavenger,Leonis III,Fauna
Schooling Unishark Scavenger,Hyla II,Fauna
Scorpion Grazer,Algorab III-B,Fauna
Seahag,Gagarin,Fauna
Seahorse Grazer,Gamma Vulpes II-A,Fauna
Shardhopper Herbivore,Fermi III,Fauna
Shellephant Grazer,Huygens III,Fauna
Shoaling Exowhale Filterer,Rana VI-A,Fauna
Shoaling Exowhale Filterer,Bara III,Fauna
Shoaling Finback Filterer,Linnaeus II,Fauna
Shoaling Finback Grazer,Rana VI-A,Fauna
Shoaling Finback Scavenger,Guniibuu VI-b,Fauna
Shoaling Finback Scavenger,Jaffa III,Fauna
Shoaling Lurefish Scavenger,Muphrid IV,Fauna
Shoaling Sawhead Filterer,Marduk IV,Fauna
Shoaling Seahag Filterer,Oborum I,Fauna
Shoaling Unishark Scavenger,McClure II,Fauna
Shroombobber Filterer,Copernicus II,Fauna
Siren,Lantana VIII-B,Fauna
Siren,Niira,Fauna
Sleeping Giant Thorn,Lantana VIII-B,Flora
Sleeping Giant Thorn,Strix III-A,Flora
Snail Geophage,Leonis V,Fauna
Snail Geophage,Enlil I-A,Fauna
Snuffler Geophage,Kang VIII-C,Fauna
Snuffler Grazer,Gamma Vulpes I,Fauna
Spaceroach Filterer,Beta Ternion III,Fauna
Spaceroach filterer,Porrima III,Fauna
Spaceroach Filterer,Eridani II,Fauna
Spaceroach Filterer,Syrma VII-A,Fauna
Spaceroach Filterer,Ixyll II,Fauna
Spaceroach Geophage,Serpentis II,Fauna
Spaceroach Geophage,Al-Battani II,Fauna
Spaceroach Geophage,Newton II,Fauna
Spaceroach Grazer,Bel I,Fauna
Spaceroach Grazer,Cassiopeia I,Fauna
Spaceroach Grazer,Rana IV,Fauna
Spaceroach Grazer,Charybdis III,Fauna
Spaceroach Grazer,Pyraas II,Fauna
Spaceroach Herbivore,Tirna VIII-C,Fauna
Spaceroach Herbivore,Hawking I,Fauna
Spaceroach Scavenger,Archimedes V-a,Fauna
Spaceroach Scavenger,Fermi III,Fauna
Spike Spit Trap,Ixyll III-B,Flora
Spike Spit Trap,Rana VI-A,Flora
Spike Spit Trap,Syrma IV,Flora
Spike Spit Trap,Moloch II,Flora
Spike Spit Trap,Guniibuu II,Flora
Spike Spit Trap,Rutherford III,Flora
Spikeworm Filterer,Feynman III,Fauna
Spikeworm Grazer,Lantana IV,Fauna
Spikeworm Herbivore,Celebrai II,Fauna
Spiny Bell Cactus,Tirna II,Flora
Spiny Bell Cactus,Eridani III,Flora
Spiny Bell Cactus,Schrodinger III,Flora
Spiny Ghost Cactus,Copernicus III,Flora
Spiny Ghost Cactus,Nemeria II,Flora
Spiny Ghost Cactus,Katydid I-A,Flora
Spiny Ghost Cactus,Strix I,Flora
Spiny Ghost Cactus,Muphrid V-B,Flora
Spiral Bloom,Codos,Flora
Spiral Bloom,Leonis IV,Flora
Spiral Bloom,Leonis V,Flora
Spiral Bloom,Feynman IV,Flora
Spiral Bloom,Maal V,Flora
Spiral Bloom,Shoza II,Flora
Spiral Bloom,Hawking I,Flora
Spiral Bloom,Shoza III,Flora
Spiral Bloom,Hyla II,Flora
Spiral Bloom,Ixyll II,Flora
Spiral Bloom,Zelazny II,Flora
Spiral Creeper,Muphrid IV,Flora
Spiral Creeper,Nesoi,Flora
Spiral Creeper,Feynman III,Flora
Spiral Creeper,Fermi III,Flora
Spiral Creeper,Jemison,Flora
Spirit Laurel,Ursa Major II,Flora
Spirit Laurel,Jaffa II,Flora
Spirit Laurel,Kumasi III,Flora
Spirit Laurel,Fermi III,Flora
Spirit Laurel,Gamma Vulpes II-A,Flora
Spirit Laurel,Nemeria I,Flora
Spirit Laurel,Groombridge VIII-A,Flora
Spirit Laurel,Ixyll II,Flora
Spirit Laurel,Sparta IV,Flora
Spirit Laurel,Ixyll III-B,Flora
Spit Leaf Watercress,Charybdis II,Flora
Spitting Goatweed,Alpha Andraste III,Flora
Spitting Goatweed,Bara III,Flora
Spitting Goatweed,Charybdis III,Flora
Spitting Goatweed,Ixyll II,Flora
Spitting Goatweed,Masada III,Flora
Spitting Goatweed,Huygens III,Flora
Spitting Goatweed,Leonis V,Flora
Spitting Goatweed,Ternion III,Flora
Spitting Pokeweed,Alpha Andraste III,Flora
Spitting Pokeweed,Nemeria IV-A,Flora
Spitting Pokeweed,Freya III,Flora
Spitting Pokeweed,Vesta,Flora
Spitting Pokeweed,Nesoi,Flora
Spitting Pokeweed,Sparta III,Flora
Spitting Pokeweed,Syrma VII-A,Flora
Spitting Pokeweed,Archimedes V-a,Flora
Spitting Pokeweed,Ternion III,Flora
Spitting Pokeweed,Ixyll II,Flora
Spitting Pokeweed,Beta Marae I,Flora
Split Leaf Watercress,Katydid I-A,Flora
Split Leaf Watercress,Zelazny III,Flora
Spore Filterer,Feynman III,Fauna
Spore Filterer,Ursa Major II,Fauna
Star Bloom Root,Beta Ternion II,Flora
Star Bloom Root,Magnar,Flora
Star Bloom Root,Al-Battani II,Flora
Star Bloom Root,Denebola I-B,Flora
Star Bloom Root,Leonis IV,Flora
Star Bloom Root,Feynman III,Flora
Star Bloom Root,Xi Ophiuchi VIII-B,Flora
Star Bloom Root,Freya III,Flora
Star Bloom Root,Hawking I,Flora
Star Bloom Root,Nirvana II,Flora
Star Bloom Root,Nemeria I,Flora
Starburst Silkweed,Ursa Minor II,Flora
Starburst Silkweed,Eridani IV,Flora
Starburst Silkweed,Shoza IV,Flora
Starburst Silkweed,Rana IV,Flora
Starburst Silkweed,Copernicus III,Flora
Starburst Silkweed,Cassiopeia I,Flora
Starburst Silkweed,Vega II-C,Flora
Starburst Silkweed,Schrodinger IV,Flora
Starburst Silkweed,Marduk IV,Flora
Starburst Silkweed,Beta Marae I,Flora
Starleaf,Cassiopeia I,Flora
Starpod Silkweed,Bannoc II,Flora
Starpod Silkweed,Heisenberg V-A,Flora
Starpod Silkweed,Niira,Flora
Starpod Silkweed,Leonis IV,Flora
Starpod Silkweed,Muphrid V-B,Flora
Starpod Silkweed,Moloch II,Flora
Starpod Silkweed,Ursa Major II,Flora
Stinging Flutterleaf,Porrima II,Flora
Stinging Flutterleaf,Rana III,Flora
Stinging Flutterleaf,Gamma Vulpes I,Flora
Stinging Flutterleaf,Schrodinger III,Flora
Stinging Ice Stalk,Suvorov,Flora
Stinging Ice Stalk,Oborum I,Flora
Stinging Ice Stalk,Bohr II,Flora
Stinging Ice Stalk,Nemeria IV-A,Flora
Stonewalker Geophage,Feynman I,Fauna
Stunted Pine,Beta Ternion I,Flora
Stunted Pine,Hyla I,Flora
Stunted Pine,Pyraas II,Flora
Stunted Pine,Rana IV,Flora
Stunted Pine,Fermi III,Flora
Stunted Pine,Porrima IV-C,Flora
Stunted Pine,Rivera I,Flora
Stunted Pine,Shoza II,Flora
Stunted Pine,Cassiopeia IV-A,Flora
Stunted Pine,Leviathan IV,Flora
Stunted Pine,Piazzi I,Flora
Stunted Pine,Tidacha I,Flora
Stunted Pine,Guniibuu II,Flora
Stunted Pine,Heisenberg V-A,Flora
Sub-Zero Silkweed,Bradbury IV,Flora
Sub-Zero Silkweed,Charybdis III,Flora
Sub-Zero Silkweed,McClure II,Flora
Sub-Zero Silkweed,Eridani III,Flora
Sub-Zero Silkweed,Kumasi II,Flora
Sub-Zero Silkweed,Strix I,Flora
Sub-Zero Silkweed,Toliman II,Flora
Sunfish FIlterer,Gagarin,Fauna
Swamp Bottle Root,Serpentis IV,Flora
Swamp Bottle Root,Charybdis II,Flora
Swamp Bottle Root,Gamma Vulpes II-A,Flora
Swamp Bottle Root,Ixyll III-B,Flora
Swamp Bottle Root,Gagarin,Flora
Swamp Pedestal,Bradbury III,Flora
Swamp Pedestal,Shoza III,Flora
Swamp Weed,Procyon III,Flora
Swamp Weed,Masada III,Flora
Swamp Weed,Ka'zaal,Flora
Swamp Weed,Zelazny III,Flora
Swarming Arachnofly Scavenger,Strix I,Fauna
Swarming Beetlecrab,Huygens IV,Fauna
Swarming Boneback,Bradbury IV,Fauna
Swarming Brightcage,Beta Marae I,Fauna
Swarming Clickbeetle,Bardeen III,Fauna
Swarming Cockroach,Fermi III,Fauna
Swarming Cockroach,Lantana III,Fauna
Swarming Crab,Tirna VIII-C,Fauna
Swarming Crab Stalker,Rutherford III,Fauna
Swarming Dragon,Tidacha I,Fauna
Swarming Eggback,Beta Marae I,Fauna
Swarming Eggback,Khayyam II,Fauna
Swarming Exorunner,Pyraas II,Fauna
Swarming Foxbat,Schrodinger III,Fauna
Swarming Glider,Charybdis III,Fauna
Swarming Glider,Rasalhague II,Fauna
Swarming Horsamander,Marduk IV,Fauna
Swarming Landshark,Ursa Major II,Fauna
Swarming Maggotmaw,Archimedes III,Fauna
Swarming Noid,Strix I,Fauna
Swarming Octomaggot,Heinlein IV-B,Fauna
Swarming Saturnine,Magnar,Fauna
Swarming Scorpion,Marduk IV,Fauna
Swarming Sentinel,Zelazny II,Fauna
Swarming Shardhopper,Bannoc II,Fauna
Swarming Shardhopper,Masada III,Fauna
Swarming Shardhopper Scavenger,Strix I,Fauna
Swarming Spiderwasp,Sparta IV,Fauna
Swarming Stalker Scorpion,Niira,Fauna
Swarming Sunflower,Montara Luna,Fauna
Swarming Twistfin,Bohr II,Fauna
Swarming Whaleshark,Beta Andraste I-A,Fauna
Swarmking Stingback,Pyraas VIII-A,Fauna
Sweeping Silkweed,Zelazny II,Flora
Sweeping Silkweed,Hyla II,Flora
Sweeping Silkweed,Proxima Ternion III,Flora
Sweeping Silkweed,Copernicus II,Flora
Sweeping Silkweed,Shoza III,Flora
Sweet Canis Vine,Eridani IV,Flora
Sweet Canis Vine,Indum II,Flora
Sweet Canis Vine,Lantana III,Flora
Sweet Canis Vine,Bardeen V-C,Flora
Sweet Canis Vine,Marduk IV,Flora
Sweet Canis Vine,Syrma III,Flora
Sweet Canis Vine,Montara Luna,Flora
Sweet Canis Vine,Porrima III,Flora
Sweet Canis Vine,Vega II-C,Flora
Sweet Fumewort,Fermi III,Flora
Sweet Fumewort,Ursa Major I,Flora
Sweet Fumewort,Marduk III,Flora
Sweet Fumewort,Eridani III,Flora
Sweet Fumewort,Feynman III,Flora
Sweet Fumewort,Nesoi,Flora
Sweet Fumewort,Gamma Vulpes I,Flora
Sweet Goldenglow,Nemeria I,Flora
Sweet Goldenglow,Eridani II,Flora
Sweet Goldenglow,Zelazny II,Flora
Sweet Root,Tau Ceti VIII-B,Flora
Sweet Root,Alpha Andraste III,Flora
Sweet Root,Zeta Ophiuchi I,Flora
Sweet Wallflower,Andromas III,Flora
Sweet Yellow Creeper,Schrodinger VIII-A,Flora
Sweet Yellow Creeper,Sparta IV,Flora
Sweet Yellow Creeper,Muphrid IV,Flora
Sweet Yellow Creeper,Nemeria IV-A,Flora
Sweet Yellow Creeper,Shoza II,Flora
Sweet Yellow Creeper,Ixyll II,Flora
Sweet Yellow Creeper,Zeta Ophiuchi I,Flora
Sweetwater Cactus,Gagarin,Flora
Sweetwater Cactus,Vega II-C,Flora
Sweetwater Cactus,Zosma V-A,Flora
Sweetwater Cactus,Hyla I,Flora
Terra Root,Algorab II,Flora
Terra Root,Marduk IV,Flora
Terra Root,Moloch II,Flora
Terra Root,Rutherford III,Flora
Terra Root,Hawking I,Flora
Terra Root,Jaffa III,Flora
Terra Root,Nemeria II,Flora
Terra Root,Maal V,Flora
Terra Root,Porrima IV-C,Flora
Terra Root,Porrima III,Flora
Terra Root,Heisenberg V-A,Flora
Terrormorph,Toliman II,Fauna
Thorn Filterer,Beta Ternion I,Fauna
Thorn Filterer,Nemeria II,Fauna
Thorn Filterer,Serpentis III,Fauna
Thorn Filterer,Huygens III,Fauna
Thorn Geophage,Strix I,Fauna
Thorn Grazer,Proxima Ternion III,Fauna
Thorn Grazer,Guniibuu II,Fauna
Thorn Grazer,Ursa Minor II,Fauna
Thorn Grazer,Tidacha I,Fauna
Thorn Scavenger,Ixyll II,Fauna
Thorn Scavenger,Zosma V-A,Fauna
Thorn Scavenger,Algorab II,Fauna
Thorn Scavenger,Bohr II,Fauna
Thornback Grazer,Celebrai II,Fauna
Titan Coleus,Vega II-C,Flora
Titan Coleus,Beta Marae I,Flora
Toadface Grazer,Indum II,Fauna
Toadface Grazer,Kumasi I,Fauna
Toadface Grazer,Gamma Vulpes II-A,Fauna
Tongueface Grazer,Gamma Vulpes I,Fauna
Tongueface Herbivore,Beta Ternion II,Fauna
Tremor Root,Altair II,Flora
Tremor Root,Kumasi II,Flora
Trident Filterer,Linnaeus II,Fauna
Trident Filterer,Celebrai II,Fauna
Trident Geophage,Leonis VIII-A,Fauna
Trident Geophage,Delta Vulpes V-C,Fauna
Trident Geophage,Porrima IV-C,Fauna
Trident Herbivore,Eridani III,Fauna
Trident Scavenger,Alpha Andraste III,Fauna
Trihorn Grazer,Hyla II,Fauna
Trihorn Scavenger,Zelazny III,Fauna
Trilibite Filterer,Schrodinger IV,Fauna
Trilobite,Kreet,Fauna
Trilobite Filterer,Hyla II,Fauna
Trilobite Filterer,Jaffa II,Fauna
Trilobite Filterer,Algorab III-B,Fauna
Trilobite Filterer,Maal V,Fauna
Trilobite Filterer,Enlil II,Fauna
Trilobite Filterer,Heisenberg II,Fauna
Trilobite Filterer,Marduk IV,Fauna
Trilobite Filterer,Tau Ceti VIII-B,Fauna
Trilobite Geophage,Copernicus IV,Fauna
Trilobite Geophage,Neebas,Fauna
Trilobite Grazer,Leonis IV,Fauna
Trilobite Grazer,Charybdis II,Fauna
Trilobite Scavenger,Gagarin,Fauna
Triworm Filterer,Strix I,Fauna
Triworm Filterer,Heinlein IV-B,Fauna
Triworm Scavenger,Nirvana II,Fauna
Triworm Scavenger,Copernicus II,Fauna
Triworm Scavenger,Charybdis II,Fauna
Tropical Maw Palm,Enlil II,Flora
Tropical Maw Palm,Feynman III,Flora
Tropical Maw Palm,Eridani II,Flora
Tropical Maw Palm,Zeta Ophiuchi I,Flora
Tropical Maw Palm,Groombridge VIII-A,Flora
Tubecrawler Herbivore,Rivera I,Fauna
Tubecrawler Scavenger,Bardeen III,Fauna
Tubule Filterer,Bolivar I,Fauna
Tubule Scavenger,Archimedes II,Fauna
Tufted Snow Willow,Feynman IV,Flora
Tufted Snow Willow,Toliman II,Flora
Tufted Snow Willow,Archimedes II,Flora
Tufted Snow Willow,Jemison,Flora
Tundra Vine,Beta Ternion II,Flora
Tundra Vine,Copernicus IV,Flora
Tundra Vine,Hyla I,Flora
Tuskfrog Grazer,Toliman II,Fauna
Twilight Cradleleaf,Rasalhague II,Flora
Twilight Cradleleaf,Montara Luna,Flora
Twilight Cradleleaf,Magnar,Flora
Twilight Cradleleaf,Proxima Ternion III,Flora
Twilight Cradleleaf,Pyraas II,Flora
Twilight Cradleleaf,Schrodinger IV,Flora
Twilight Cradleleaf,Bel I,Flora
Twilight Cradleleaf,Rana III,Flora
Twilight Cradleleaf,Rutherford III,Flora
Twilight Cradleleaf,Shoza IV,Flora
Twingrub Geophage,Foucault II,Fauna
Twingrub Scavenger,Muphrid V-B,Fauna
Twintail Herbivore,Alpha Andraste III,Fauna
Vampire Geophage,Fermi III,Fauna
Velvet Bloom,Indum II,Flora
Velvet Bloom,Gagarin,Flora
Velvet Bloom,Archimedes III,Flora
Wander's Husk,Huygens VII-B,Flora
Wander's Husk,Strix I,Flora
Wanderer's Husk,Lantana VIII-B,Flora
Wanderer's Husk,Alpha Andraste II,Flora
Wanderer's Husk,Beta Ternion I,Flora
Wanderer's Husk,Codos,Flora
Wanderer's Husk,Gamma Vulpes I,Flora
Wanderer's Husk,Fermi III,Flora
Warren Nettle,Tau Ceti II,Flora
Warren Nettle,Tirna VIII-C,Flora
Warren Nettle,Celebrai II,Flora
Warren Nettle,Xi Ophiuchi VIII-B,Flora
Warren Nettle,Andromas II,Flora
Warren Nettle,Copernicus II,Flora
Warren Nettle,Heisenberg II,Flora
Weeping Fireleaf,Serpentis III,Flora
Weeping Fireleaf,Leviathan IV,Flora
Weeping Fireleaf,Magnar,Flora
Weeping Fireleaf,Maheo I,Flora
Weeping Fireleaf,Shoza III,Flora
Weeping Fireleaf,Guniibuu II,Flora
Weeping Fireleaf,Ursa Major II,Flora
Wiggler Scavenger,Beta Ternion II,Fauna
Windbag Grazer,Enlil II,Fauna
Worm Geophage,Beta Ternion III,Fauna
Worm Geophage,Syrma III,Fauna
Worm Scavenger,Algorab III-B,Fauna
Coralheart Filterer,Newton III,Fauna
Crater Weed,Newton III,Flora
Glossy Stickweed,Newton III,Flora
Herding Blistercrab Filterer,Newton III,Fauna
Hunting Shieldshell,Newton III,Fauna
Cliff Laurel,Newton III,Flora